{
  "loss": [
    573.3765258789062,
    259.5033874511719,
    233.16456604003906,
    218.29273986816406,
    204.5015106201172,
    199.4445343017578,
    193.6357879638672,
    190.61509704589844,
    192.65277099609375,
    188.11585998535156,
    183.83526611328125,
    174.57720947265625,
    170.419677734375,
    160.58615112304688,
    161.5382537841797,
    158.4344024658203,
    154.8971710205078,
    144.1939239501953,
    131.69407653808594,
    127.21065521240234,
    126.26092529296875,
    125.49444580078125,
    123.26416015625,
    120.99678039550781,
    119.94465637207031,
    117.48120880126953,
    113.87859344482422,
    115.3597183227539,
    116.66663360595703,
    111.48076629638672,
    113.88249969482422,
    110.75093841552734,
    109.75455474853516,
    109.17086791992188,
    105.6382827758789,
    104.54023742675781,
    102.96009063720703,
    99.9113540649414,
    103.80714416503906,
    102.32479095458984,
    101.55386352539062,
    96.75383758544922,
    98.61585998535156,
    95.42982482910156,
    95.1875228881836,
    94.23966217041016,
    94.54207611083984,
    90.38429260253906,
    93.99608612060547,
    94.55862426757812
  ],
  "mae": [
    20.913198471069336,
    12.982758522033691,
    12.182979583740234,
    11.734219551086426,
    11.335953712463379,
    11.247159004211426,
    11.063682556152344,
    10.967890739440918,
    10.953971862792969,
    10.881037712097168,
    10.65788745880127,
    10.373913764953613,
    10.227731704711914,
    9.955777168273926,
    9.992743492126465,
    9.851272583007812,
    9.709272384643555,
    9.384122848510742,
    8.933276176452637,
    8.764190673828125,
    8.673806190490723,
    8.659333229064941,
    8.566864967346191,
    8.513849258422852,
    8.445690155029297,
    8.41914176940918,
    8.180695533752441,
    8.272381782531738,
    8.273317337036133,
    8.154645919799805,
    8.15281867980957,
    8.060490608215332,
    8.012049674987793,
    7.994344234466553,
    7.828723430633545,
    7.864147663116455,
    7.712834358215332,
    7.67219877243042,
    7.734615802764893,
    7.691078186035156,
    7.675046920776367,
    7.511245250701904,
    7.5696797370910645,
    7.452168941497803,
    7.453096389770508,
    7.414644241333008,
    7.3791184425354,
    7.296260833740234,
    7.357761859893799,
    7.365383625030518
  ],
  "val_loss": [
    110.17674255371094,
    82.99061584472656,
    75.4433364868164,
    73.92413330078125,
    85.27520751953125,
    81.2403793334961,
    89.8622817993164,
    62.58687973022461,
    86.17617797851562,
    69.91027069091797,
    52.038848876953125,
    66.61053466796875,
    78.85160064697266,
    41.71190643310547,
    66.32778930664062,
    61.439903259277344,
    57.521080017089844,
    49.36125564575195,
    54.47959518432617,
    55.66209411621094,
    42.238189697265625,
    40.42778396606445,
    50.76835632324219,
    36.34691619873047,
    35.050872802734375,
    37.64630126953125,
    39.83094024658203,
    35.40529251098633,
    41.85964584350586,
    32.32188034057617,
    32.376312255859375,
    36.9189567565918,
    45.679168701171875,
    36.44496154785156,
    30.136383056640625,
    39.3017692565918,
    32.440277099609375,
    33.95609664916992,
    33.3199462890625,
    27.518142700195312,
    34.471588134765625,
    32.37648391723633,
    31.116403579711914,
    32.391544342041016,
    32.718467712402344,
    29.54591941833496,
    30.47610855102539,
    29.46204376220703,
    32.06603240966797,
    28.45412254333496
  ],
  "val_mae": [
    8.407421112060547,
    6.595200538635254,
    5.9939656257629395,
    5.862764835357666,
    6.762208461761475,
    6.455908298492432,
    7.094093322753906,
    4.9077324867248535,
    6.829870700836182,
    5.512962341308594,
    4.524602890014648,
    5.22529935836792,
    6.275202751159668,
    4.929005146026611,
    5.446100234985352,
    5.185837745666504,
    4.989279270172119,
    4.252722263336182,
    4.701930999755859,
    5.001110076904297,
    3.775930166244507,
    3.7126288414001465,
    4.549872875213623,
    3.4543263912200928,
    3.354262113571167,
    3.425795555114746,
    3.6102311611175537,
    3.2386534214019775,
    3.824554920196533,
    3.0739495754241943,
    3.0900111198425293,
    3.3860924243927,
    4.255606651306152,
    3.3771679401397705,
    2.9143965244293213,
    3.614000082015991,
    2.996149778366089,
    3.1465485095977783,
    3.04374098777771,
    2.9191439151763916,
    3.1820783615112305,
    3.0016427040100098,
    2.991304636001587,
    3.0067596435546875,
    3.00533390045166,
    2.785348653793335,
    2.7844581604003906,
    2.737682342529297,
    2.9205029010772705,
    2.6995511054992676
  ],
  "learning_rate": [
    0.0010000000474974513,
    0.0010000000474974513,
    0.0010000000474974513,
    0.0010000000474974513,
    0.0010000000474974513,
    0.0010000000474974513,
    0.0010000000474974513,
    0.0010000000474974513,
    0.0010000000474974513,
    0.0010000000474974513,
    0.0010000000474974513,
    0.0010000000474974513,
    0.0010000000474974513,
    0.0010000000474974513,
    0.0010000000474974513,
    0.0010000000474974513,
    0.0010000000474974513,
    0.0010000000474974513,
    0.0010000000474974513,
    0.0005000000237487257,
    0.0005000000237487257,
    0.0005000000237487257,
    0.0005000000237487257,
    0.0005000000237487257,
    0.0005000000237487257,
    0.0005000000237487257,
    0.0005000000237487257,
    0.0005000000237487257,
    0.0005000000237487257,
    0.0005000000237487257,
    0.0005000000237487257,
    0.0005000000237487257,
    0.0005000000237487257,
    0.0005000000237487257,
    0.0005000000237487257,
    0.0005000000237487257,
    0.0005000000237487257,
    0.0005000000237487257,
    0.0005000000237487257,
    0.0005000000237487257,
    0.0005000000237487257,
    0.0005000000237487257,
    0.0005000000237487257,
    0.0005000000237487257,
    0.0005000000237487257,
    0.0002500000118743628,
    0.0002500000118743628,
    0.0002500000118743628,
    0.0002500000118743628,
    0.0002500000118743628
  ]
}